-- ===========================================
-- Mount & Blade II: Bannerlord Troops Database
-- ===========================================

-- Troops Table
INSERT INTO Troops (troop_id, name, tier, wage, is_mounted, culture_id) VALUES
  (1, 'Aserai Recruit', 1, 2, 0, 1),
  (2, 'Aserai Tribesman', 2, 3, 0, 1),
  (3, 'Aserai Footman', 3, 5, 0, 1),
  (4, 'Aserai Infantry', 4, 8, 0, 1),
  (5, 'Aserai Veteran Infantry', 5, 12, 0, 1),
  (6, 'Aserai Mameluke Soldier', 2, 3, 0, 1),
  (7, 'Aserai Mameluke Axeman', 3, 5, 0, 1),
  (8, 'Aserai Mameluke Cavalry', 4, 8, 1, 1),
  (9, 'Aserai Mameluke Heavy Cavalry', 5, 12, 1, 1),
  (10, 'Aserai Mameluke Regular', 3, 5, 1, 1),
  (11, 'Aserai Light Archer', 3, 5, 0, 1),
  (12, 'Aserai Archer', 4, 7, 0, 1),
  (13, 'Aserai Master Archer', 5, 12, 0, 1),
  (14, 'Aserai Youth', 2, 4, 0, 1),
  (15, 'Aserai Tribal Horseman', 3, 8, 1, 1),
  (16, 'Aserai Faris', 4, 8, 1, 1),
  (17, 'Aserai Veteran Faris', 5, 12, 1, 1),
  (18, 'Aserai Vanguard Faris', 6, 17, 1, 1),
  (19, 'Battanian Trained Warrior', 3, 5, 0, 2),
  (20, 'Battanian Picked Warrior', 4, 8, 0, 2),
  (21, 'Battanian Wood Runner', 2, 3, 0, 2),
  (22, 'Battanian Raider', 3, 5, 0, 2),
  (23, 'Battanian Scout', 4, 8, 1, 2),
  (24, 'Battanian Skirmisher', 3, 5, 0, 2),
  (25, 'Battanian Veteran Skirmisher', 4, 8, 0, 2),
  (26, 'Battanian Oathsworn', 5, 12, 0, 2),
  (27, 'Battanian Hero', 4, 8, 0, 2),
  (28, 'Battanian Highborn Youth', 2, 3, 0, 2),
  (29, 'Battanian Highborn Warrior', 3, 5, 0, 2),
  (30, 'Battanian Fian', 5, 12, 0, 2),
  (31, 'Battanian Fian Champion', 6, 17, 0, 2),
  (32, 'Imperial Recruit', 1, 2, 0, 3),
  (33, 'Imperial Infantryman', 2, 3, 0, 3),
  (34, 'Imperial Trained Infantryman', 3, 5, 0, 3),
  (35, 'Imperial Legionary', 5, 12, 0, 3),
  (36, 'Imperial Palatine Guard', 5, 12, 0, 3),
  (37, 'Imperial Menavliaton', 4, 8, 0, 3),
  (38, 'Imperial Elite Menavliaton', 5, 12, 0, 3),
  (39, 'Imperial Archer', 2, 3, 0, 3),
  (40, 'Imperial Veteran Archer', 4, 8, 0, 3),
  (41, 'Imperial Crossbowman', 4, 8, 0, 3),
  (42, 'Imperial Sergeant Crossbowman', 5, 12, 0, 3),
  (43, 'Imperial Vigla Recruit', 2, 3, 0, 3),
  (44, 'Imperial Equite', 3, 5, 1, 3),
  (45, 'Imperial Heavy Horseman', 4, 8, 1, 3),
  (46, 'Imperial Cataphract', 5, 12, 1, 3),
  (47, 'Imperial Elite Cataphract', 6, 17, 1, 3),
  (48, 'Imperial Bucellarii', 5, 12, 1, 3),
  (49, 'Khuzait Nomad', 1, 2, 0, 4),
  (50, 'Khuzait Tribal Warrior', 2, 3, 1, 4),
  (51, 'Khuzait Spearman', 3, 5, 0, 4),
  (52, 'Khuzait Lancer', 4, 8, 1, 4),
  (53, 'Khuzait Hunter', 3, 5, 0, 4),
  (54, 'Khuzait Marksman', 5, 12, 0, 4),
  (55, 'Khuzait Raider', 3, 5, 1, 4),
  (56, 'Khuzait Horse Archer', 4, 8, 1, 4),
  (57, 'Khuzait Heavy Horse Archer', 5, 13, 1, 4),
  (58, 'Khuzait Noble''s Son', 2, 3, 0, 4),
  (59, 'Khuzait Qanqli', 3, 5, 0, 4),
  (60, 'Khuzait Torguud', 4, 8, 1, 4),
  (61, 'Khuzait Kheshig', 5, 13, 1, 4),
  (62, 'Khuzait Khan''s Guard', 6, 17, 1, 4),
  (63, 'Khuzait Darkhan', 5, 13, 0, 4),
  (64, 'Khuzait Heavy Lancer', 5, 13, 1, 4),
  (65, 'Sturgian Recruit', 1, 2, 0, 5),
  (66, 'Sturgian Warrior', 2, 3, 0, 5),
  (67, 'Sturgian Soldier', 3, 5, 0, 5),
  (68, 'Sturgian Spearman', 4, 8, 0, 5),
  (69, 'Sturgian Ulfhednar', 1, 2, 0, 5),
  (70, 'Sturgian Woodsman', 2, 3, 0, 5),
  (71, 'Sturgian Hunter', 3, 5, 0, 5),
  (72, 'Sturgian Veteran Bowman', 5, 13, 0, 5),
  (73, 'Sturgian Hardened Brigand', 4, 8, 0, 5),
  (74, 'Sturgian Brigand', 3, 5, 0, 5),
  (75, 'Sturgian Heavy Axeman', 5, 18, 0, 5),
  (76, 'Sturgian Warrior Son', 2, 2, 0, 5),
  (77, 'Varyag', 3, 4, 0, 5),
  (78, 'Varyag Veteran', 4, 7, 0, 5),
  (79, 'Sturgian Druzhinnik', 5, 12, 1, 5),
  (80, 'Sturgian Druzhinnik Champion', 6, 17, 1, 5),
  (81, 'Vlandian Recruit', 1, 2, 0, 6),
  (82, 'Vlandian Footman', 2, 3, 0, 6),
  (83, 'Vlandian Infantry', 3, 5, 0, 6),
  (84, 'Vlandian Voulgier', 5, 12, 0, 6),
  (85, 'Vlandian Levy Crossbowman', 2, 3, 0, 6),
  (86, 'Vlandian Crossbowman', 3, 5, 0, 6),
  (87, 'Vlandian Hardened Crossbowman', 4, 8, 0, 6),
  (88, 'Vlandian Sharpshooter', 5, 12, 0, 6),
  (89, 'Vlandian Squire', 2, 3, 1, 6),
  (90, 'Vlandian Gallant', 3, 5, 1, 6),
  (91, 'Vlandian Knight', 4, 8, 1, 6),
  (92, 'Vlandian Champion', 5, 12, 1, 6),
  (93, 'Vlandian Banner Knight', 6, 17, 1, 6);

-- Attributes Table
INSERT INTO Attributes (attribute_id, name, description) VALUES
  (1, 'Vigor', 'Base character attribute'),
  (2, 'Control', 'Base character attribute'),
  (3, 'Endurance', 'Base character attribute'),
  (4, 'Cunning', 'Base character attribute'),
  (5, 'Social', 'Base character attribute'),
  (6, 'Intelligence', 'Base character attribute');

-- Skills Table
INSERT INTO Skills (skill_id, name, description, is_combat_skill, attribute_id) VALUES
  (1, 'One Handed', 'One Handed skill', 1, 1),
  (2, 'Two Handed', 'Two Handed skill', 1, 1),
  (3, 'Polearm', 'Polearm skill', 1, 1),
  (4, 'Bow', 'Bow skill', 1, 2),
  (5, 'Crossbow', 'Crossbow skill', 1, 2),
  (6, 'Throwing', 'Throwing skill', 1, 2),
  (7, 'Riding', 'Riding skill', 1, 3),
  (8, 'Athletics', 'Athletics skill', 1, 3),
  (9, 'Tactics', 'Tactics skill', 0, 4),
  (10, 'Scouting', 'Scouting skill', 0, 4),
  (11, 'Roguery', 'Roguery skill', 0, 4),
  (12, 'Charm', 'Charm skill', 0, 5),
  (13, 'Leadership', 'Leadership skill', 0, 5),
  (14, 'Trade', 'Trade skill', 0, 5),
  (15, 'Steward', 'Steward skill', 0, 6),
  (16, 'Medicine', 'Medicine skill', 0, 6),
  (17, 'Engineering', 'Engineering skill', 0, 6);

-- Troop_Upgrade_Paths Table
INSERT INTO Troop_Upgrade_Paths (base_troop_id, upgraded_troop_id, xp_cost) VALUES
  (1, 2, 100),
  (2, 3, 200),
  (3, 4, 300),
  (4, 5, 400),
  (1, 6, 100),
  (6, 7, 200),
  (7, 8, 300),
  (8, 9, 400),
  (6, 10, 200),
  (10, 8, 300),
  (2, 11, 200),
  (11, 12, 300),
  (12, 13, 400),
  (14, 15, 100),
  (15, 16, 200),
  (16, 17, 300),
  (17, 18, 400),
  (19, 20, 300),
  (21, 22, 200),
  (22, 23, 300),
  (24, 25, 400),
  (19, 26, 200),
  (26, 27, 300),
  (28, 29, 100),
  (29, 27, 200),
  (27, 30, 300),
  (30, 31, 400),
  (32, 33, 100),
  (33, 34, 200),
  (34, 35, 300),
  (34, 37, 300),
  (37, 38, 400),
  (33, 39, 200),
  (39, 40, 300),
  (33, 41, 200),
  (41, 42, 300),
  (43, 44, 100),
  (44, 45, 200),
  (45, 46, 300),
  (46, 47, 400),
  (43, 48, 100),
  (49, 50, 100),
  (50, 51, 200),
  (51, 52, 300),
  (50, 53, 200),
  (53, 54, 300),
  (49, 55, 100),
  (55, 56, 200),
  (56, 56, 300),
  (56, 57, 400),
  (58, 59, 100),
  (59, 60, 200),
  (60, 61, 300),
  (61, 62, 400),
  (58, 63, 100),
  (63, 64, 200),
  (65, 66, 100),
  (66, 67, 200),
  (67, 68, 300),
  (68, 69, 400),
  (65, 70, 100),
  (70, 71, 200),
  (71, 72, 300),
  (66, 73, 200),
  (73, 74, 300),
  (76, 77, 100),
  (77, 78, 200),
  (78, 79, 300),
  (79, 80, 400),
  (81, 82, 100),
  (82, 83, 200),
  (83, 84, 300),
  (81, 85, 100),
  (85, 86, 200),
  (86, 87, 300),
  (87, 88, 400),
  (89, 90, 100),
  (90, 91, 200),
  (91, 92, 300),
  (92, 93, 400);

-- Troop_Equipment_Junction Table
INSERT INTO Troop_Equipment_Junction (troop_id, item_id, slot) VALUES
  (1, 97, 'melee_weapons'),
  (1, 300, 'armors'),
  (1, 493, 'armors'),
  (1, 928, 'armors'),
  (2, 97, 'melee_weapons'),
  (2, 300, 'armors'),
  (2, 928, 'armors'),
  (5, 916, 'armors'),
  (9, 30, 'melee_weapons'),
  (9, 225, 'ranged_weapons'),
  (9, 246, 'ranged_weapons'),
  (9, 916, 'armors'),
  (11, 398, 'armors'),
  (11, 740, 'armors'),
  (11, 812, 'armors'),
  (11, 920, 'armors'),
  (12, 473, 'armors'),
  (12, 697, 'armors'),
  (12, 845, 'armors'),
  (12, 906, 'armors'),
  (13, 224, 'ranged_weapons'),
  (13, 246, 'ranged_weapons'),
  (13, 885, 'armors'),
  (13, 916, 'armors'),
  (18, 30, 'melee_weapons'),
  (18, 186, 'melee_weapons'),
  (18, 412, 'armors'),
  (18, 519, 'armors'),
  (18, 818, 'armors'),
  (18, 885, 'armors'),
  (18, 916, 'armors'),
  (18, 997, 'horses'),
  (19, 13, 'melee_weapons'),
  (19, 14, 'melee_weapons'),
  (19, 175, 'melee_weapons'),
  (19, 512, 'armors'),
  (19, 744, 'armors'),
  (19, 864, 'armors'),
  (19, 900, 'armors'),
  (20, 52, 'melee_weapons'),
  (20, 174, 'melee_weapons'),
  (20, 693, 'armors'),
  (20, 744, 'armors'),
  (20, 864, 'armors'),
  (20, 923, 'armors'),
  (21, 8, 'melee_weapons'),
  (21, 80, 'melee_weapons'),
  (21, 278, 'armors'),
  (21, 861, 'armors'),
  (21, 913, 'armors'),
  (22, 8, 'melee_weapons'),
  (22, 80, 'melee_weapons'),
  (22, 512, 'armors'),
  (23, 80, 'melee_weapons'),
  (23, 923, 'armors'),
  (24, 80, 'melee_weapons'),
  (24, 512, 'armors'),
  (26, 92, 'melee_weapons'),
  (26, 187, 'melee_weapons'),
  (26, 402, 'armors'),
  (26, 705, 'armors'),
  (26, 709, 'armors'),
  (26, 863, 'armors'),
  (26, 914, 'armors'),
  (31, 131, 'melee_weapons'),
  (31, 348, 'armors'),
  (31, 590, 'armors'),
  (31, 810, 'armors'),
  (31, 864, 'armors'),
  (31, 898, 'armors'),
  (32, 7, 'melee_weapons'),
  (32, 75, 'melee_weapons'),
  (32, 160, 'melee_weapons'),
  (32, 204, 'melee_weapons'),
  (32, 415, 'armors'),
  (32, 496, 'armors'),
  (32, 628, 'armors'),
  (32, 647, 'armors'),
  (32, 901, 'armors'),
  (33, 7, 'melee_weapons'),
  (33, 361, 'armors'),
  (33, 629, 'armors'),
  (33, 643, 'armors'),
  (33, 844, 'armors'),
  (33, 861, 'armors'),
  (33, 901, 'armors'),
  (34, 814, 'armors'),
  (34, 844, 'armors'),
  (35, 916, 'armors'),
  (36, 41, 'melee_weapons'),
  (36, 225, 'ranged_weapons'),
  (36, 245, 'ranged_weapons'),
  (36, 391, 'armors'),
  (36, 881, 'armors'),
  (36, 905, 'armors'),
  (38, 32, 'melee_weapons'),
  (38, 200, 'melee_weapons'),
  (38, 867, 'armors'),
  (38, 918, 'armors'),
  (42, 31, 'melee_weapons'),
  (42, 237, 'ranged_weapons'),
  (42, 881, 'armors'),
  (42, 918, 'armors'),
  (44, 175, 'melee_weapons'),
  (44, 986, 'shields'),
  (47, 31, 'melee_weapons'),
  (47, 207, 'melee_weapons'),
  (47, 345, 'armors'),
  (47, 573, 'armors'),
  (47, 801, 'armors'),
  (47, 862, 'armors'),
  (47, 893, 'armors'),
  (47, 1012, 'horses'),
  (48, 31, 'melee_weapons'),
  (48, 224, 'ranged_weapons'),
  (48, 240, 'ranged_weapons'),
  (48, 693, 'armors'),
  (48, 866, 'armors'),
  (48, 905, 'armors'),
  (50, 216, 'ranged_weapons'),
  (50, 243, 'ranged_weapons'),
  (50, 961, 'armors'),
  (52, 734, 'armors'),
  (52, 882, 'armors'),
  (54, 224, 'ranged_weapons'),
  (54, 243, 'ranged_weapons'),
  (54, 307, 'armors'),
  (54, 694, 'armors'),
  (54, 837, 'armors'),
  (54, 887, 'armors'),
  (54, 912, 'armors'),
  (55, 222, 'ranged_weapons'),
  (55, 243, 'ranged_weapons'),
  (55, 681, 'armors'),
  (55, 887, 'armors'),
  (55, 961, 'armors'),
  (56, 243, 'ranged_weapons'),
  (56, 667, 'armors'),
  (56, 887, 'armors'),
  (57, 224, 'ranged_weapons'),
  (57, 243, 'ranged_weapons'),
  (57, 694, 'armors'),
  (57, 912, 'armors'),
  (60, 198, 'melee_weapons'),
  (60, 222, 'ranged_weapons'),
  (60, 243, 'ranged_weapons'),
  (60, 696, 'armors'),
  (60, 887, 'armors'),
  (61, 198, 'melee_weapons'),
  (61, 225, 'ranged_weapons'),
  (61, 243, 'ranged_weapons'),
  (62, 198, 'melee_weapons'),
  (62, 224, 'ranged_weapons'),
  (62, 243, 'ranged_weapons'),
  (62, 284, 'armors'),
  (62, 736, 'armors'),
  (62, 806, 'armors'),
  (62, 877, 'armors'),
  (62, 892, 'armors'),
  (63, 55, 'melee_weapons'),
  (63, 809, 'armors'),
  (63, 884, 'armors'),
  (63, 906, 'armors'),
  (64, 882, 'armors'),
  (65, 75, 'melee_weapons'),
  (65, 204, 'melee_weapons'),
  (66, 861, 'armors'),
  (66, 879, 'armors'),
  (67, 80, 'melee_weapons'),
  (67, 166, 'melee_weapons'),
  (68, 166, 'melee_weapons'),
  (68, 918, 'armors'),
  (71, 215, 'ranged_weapons'),
  (71, 240, 'ranged_weapons'),
  (71, 844, 'armors'),
  (71, 861, 'armors'),
  (72, 35, 'melee_weapons'),
  (72, 221, 'ranged_weapons'),
  (72, 240, 'ranged_weapons'),
  (72, 909, 'armors'),
  (75, 918, 'armors'),
  (75, 971, 'shields'),
  (80, 178, 'melee_weapons'),
  (80, 532, 'armors'),
  (80, 806, 'armors'),
  (80, 876, 'armors'),
  (80, 909, 'armors'),
  (80, 971, 'shields'),
  (81, 628, 'armors'),
  (81, 676, 'armors'),
  (81, 901, 'armors'),
  (82, 16, 'melee_weapons'),
  (82, 163, 'melee_weapons'),
  (82, 269, 'armors'),
  (82, 629, 'armors'),
  (82, 673, 'armors'),
  (82, 676, 'armors'),
  (82, 861, 'armors'),
  (82, 901, 'armors'),
  (83, 37, 'melee_weapons'),
  (83, 79, 'melee_weapons'),
  (83, 175, 'melee_weapons'),
  (83, 426, 'armors'),
  (83, 465, 'armors'),
  (83, 844, 'armors'),
  (83, 875, 'armors'),
  (83, 905, 'armors'),
  (84, 37, 'melee_weapons'),
  (84, 139, 'melee_weapons'),
  (84, 202, 'melee_weapons'),
  (84, 844, 'armors'),
  (84, 873, 'armors'),
  (84, 916, 'armors'),
  (85, 870, 'armors'),
  (85, 919, 'armors'),
  (86, 16, 'melee_weapons'),
  (86, 233, 'ranged_weapons'),
  (86, 389, 'armors'),
  (86, 804, 'armors'),
  (86, 870, 'armors'),
  (86, 907, 'armors'),
  (87, 37, 'melee_weapons'),
  (87, 237, 'ranged_weapons'),
  (87, 385, 'armors'),
  (87, 825, 'armors'),
  (87, 866, 'armors'),
  (87, 905, 'armors'),
  (88, 60, 'melee_weapons'),
  (88, 238, 'ranged_weapons'),
  (88, 410, 'armors'),
  (88, 804, 'armors'),
  (88, 873, 'armors'),
  (88, 918, 'armors'),
  (89, 16, 'melee_weapons'),
  (89, 109, 'melee_weapons'),
  (89, 163, 'melee_weapons'),
  (89, 269, 'armors'),
  (89, 678, 'armors'),
  (89, 905, 'armors'),
  (89, 1014, 'horses'),
  (90, 37, 'melee_weapons'),
  (90, 170, 'melee_weapons'),
  (90, 410, 'armors'),
  (90, 889, 'armors'),
  (90, 905, 'armors'),
  (90, 1020, 'horses'),
  (91, 60, 'melee_weapons'),
  (91, 115, 'melee_weapons'),
  (91, 183, 'melee_weapons'),
  (91, 341, 'armors'),
  (91, 873, 'armors'),
  (91, 908, 'armors'),
  (91, 909, 'armors'),
  (92, 60, 'melee_weapons'),
  (92, 93, 'melee_weapons'),
  (92, 115, 'melee_weapons'),
  (92, 183, 'melee_weapons'),
  (92, 867, 'armors'),
  (92, 880, 'armors'),
  (92, 909, 'armors'),
  (92, 918, 'armors'),
  (93, 60, 'melee_weapons'),
  (93, 93, 'melee_weapons'),
  (93, 115, 'melee_weapons'),
  (93, 183, 'melee_weapons'),
  (93, 566, 'armors'),
  (93, 800, 'armors'),
  (93, 867, 'armors'),
  (93, 909, 'armors');
